{
  "best_coating": {
    "PEG": 1.1334650673400672,
    "NH2": 1.1117552188552189,
    "DSPE-PEG": 1.097179292929293,
    "COOH": 1.060444276094276,
    "BSA": 1.0552084175084175,
    "PEG_COOH": 1.0012015993265995,
    "PEG_NH2": 0.9916246632996634,
    "PVP": 0.8882539562289562,
    "chitosan": 0.7273373737373737,
    "citrate": 0.7098632996632996,
    "dextran": 0.7081705387205387,
    "folate": 0.666072643097643,
    "lipid": 0.6062526094276094,
    "silica": 0.5641671717171717,
    "mPEG": 0.5574552188552189,
    "transferrin": 0.5558691919191919
  },
  "best_ligand": {
    "CGKRK": 0.9485383207070707,
    "NKGLRNK": 0.9189219696969697,
    "RGD": 0.9009204545454546,
    "RSGVAKS": 0.881716287878788,
    "folate": 0.8237008207070707,
    "aptamer": 0.8197613636363636,
    "iRGD": 0.8087790404040404,
    "glucose": 0.8078535353535353,
    "antibody": 0.8007914772727273,
    "insulin": 0.796465845959596,
    "none": 0.7951899621212121,
    "transferrin": 0.7731013257575757
  },
  "best_size": {
    "100": 0.9688745949074073,
    "70": 0.8625311342592593,
    "10": 0.8441738425925925,
    "15": 0.8393089120370371,
    "5": 0.8331471064814815,
    "20": 0.8329482638888889,
    "3": 0.8290506365740741,
    "25": 0.8212893518518519,
    "30": 0.8085403935185185,
    "40": 0.8027851851851852,
    "50": 0.7934459490740741
  },
  "best_charge": {
    "neutral": 1.0334923926767676,
    "positive": 0.7599878314393939,
    "negative": 0.7254548768939394
  },
  "best_payload": {
    "siRNA": 0.978947601010101,
    "none": 0.9188299663299663,
    "dexamethasone": 0.7858479061447812,
    "curcumin": 0.7665742845117846,
    "anakinra": 0.7480254103535353
  },
  "best_dose": {
    "0.5": 0.8578587962962964,
    "1.0": 0.8479531776094276,
    "5.0": 0.8414598063973064,
    "10.0": 0.8367114898989899,
    "20.0": 0.8142418981481482
  },
  "top_design": {
    "coating": "PEG",
    "ligand": "RGD",
    "payload": "anakinra",
    "size_nm": 15.0,
    "charge": "neutral",
    "dose_mg_kg": 0.5
  }
}